Date,Category,Description,Amount
2024-01-01,Entertainment,Streaming Subscription,-4630
2024-01-01,Food,Groceries,-803
2024-01-01,Bills,Internet,-3001
2024-01-02,Bills,Internet,-1701
2024-01-02,Investment,Crypto,330
2024-01-02,Salary,Freelance,50714
2024-01-04,Bills,Internet,-3300
2024-01-04,Health,Check-up,-693
2024-01-05,Shopping,Clothes,-4758
2024-01-05,Shopping,Gadgets,-2624
2024-01-05,Investment,Stock,4135
2024-01-05,Health,Check-up,-2248
2024-01-06,Transport,Bus fare,-2424
2024-01-06,Salary,Freelance,78831
2024-01-07,Bills,Internet,-2369
2024-01-08,Salary,Job,38210
2024-01-09,Shopping,Clothes,-382
2024-01-09,Transport,Bus fare,-1148
2024-01-09,Entertainment,Movie,-3547
2024-01-10,Shopping,Clothes,-2597
2024-01-10,Salary,Freelance,67991
2024-01-12,Shopping,Gadgets,-364
2024-01-12,Transport,Train ticket,-282
2024-01-13,Bills,Water,-3930
2024-01-13,Bills,Water,-2109
2024-01-13,Transport,Train ticket,-3484
2024-01-14,Transport,Train ticket,-1640
2024-01-14,Health,Medicine,-440
2024-01-15,Health,Check-up,-4617
2024-01-15,Entertainment,Movie,-337
2024-01-16,Food,Lunch,-712
2024-01-17,Salary,Freelance,74848
2024-01-18,Bills,Electricity,-2110
2024-01-19,Health,Check-up,-3759
2024-01-19,Bills,Internet,-1887
2024-01-20,Food,Dinner,-1425
2024-01-20,Health,Medicine,-4383
2024-01-21,Entertainment,Streaming Subscription,-4939
2024-01-21,Investment,Stock,-1281
2024-01-22,Shopping,Gadgets,-1113
2024-01-22,Entertainment,Movie,-2917
2024-01-23,Salary,Job,52447
2024-01-25,Shopping,Clothes,-1850
2024-01-26,Investment,Stock,2462
2024-01-27,Salary,Freelance,73590
2024-01-28,Shopping,Clothes,-4824
2024-01-28,Shopping,Clothes,-1087
2024-01-28,Transport,Fuel,-1984
2024-01-29,Entertainment,Movie,-1000
2024-01-29,Salary,Job,39277
2024-02-02,Investment,Stock,2378
2024-02-02,Salary,Freelance,36610
2024-02-02,Transport,Fuel,-4464
2024-02-04,Salary,Job,48888
2024-02-04,Investment,Stock,4715
2024-02-04,Entertainment,Games,-4344
2024-02-04,Bills,Water,-3359
2024-02-04,Food,Dinner,-2559
2024-02-05,Transport,Bus fare,-785
2024-02-05,Shopping,Gadgets,-823
2024-02-05,Shopping,Clothes,-3184
2024-02-06,Salary,Job,35469
2024-02-06,Salary,Job,31958
2024-02-06,Health,Check-up,-4408
2024-02-07,Food,Dinner,-2123
2024-02-08,Health,Check-up,-2320
2024-02-08,Entertainment,Games,-2655
2024-02-08,Entertainment,Games,-2503
2024-02-08,Transport,Fuel,-626
2024-02-08,Shopping,Gadgets,-3459
2024-02-10,Bills,Electricity,-273
2024-02-10,Health,Medicine,-194
2024-02-10,Bills,Electricity,-2819
2024-02-11,Investment,Stock,2857
2024-02-11,Food,Dinner,-2910
2024-02-12,Salary,Job,56515
2024-02-13,Health,Medicine,-4975
2024-02-13,Transport,Bus fare,-1542
2024-02-13,Food,Snacks,-645
2024-02-13,Health,Medicine,-3169
2024-02-14,Food,Lunch,-4895
2024-02-15,Entertainment,Games,-641
2024-02-15,Health,Check-up,-1874
2024-02-16,Shopping,Gadgets,-3752
2024-02-16,Shopping,Clothes,-1111
2024-02-16,Salary,Job,67418
2024-02-17,Entertainment,Streaming Subscription,-2053
2024-02-17,Food,Lunch,-4766
2024-02-18,Shopping,Gadgets,-3062
2024-02-18,Food,Groceries,-2501
2024-02-19,Food,Lunch,-4676
2024-02-20,Shopping,Gadgets,-307
2024-02-20,Shopping,Clothes,-4383
2024-02-20,Salary,Job,62591
2024-02-21,Food,Lunch,-2811
2024-02-21,Bills,Electricity,-3718
2024-02-21,Transport,Train ticket,-1864
2024-02-22,Health,Check-up,-4594
2024-02-22,Bills,Electricity,-3391
2024-02-22,Salary,Job,78330
2024-02-22,Entertainment,Games,-2468
2024-02-22,Entertainment,Movie,-3046
2024-02-23,Entertainment,Movie,-2529
2024-02-23,Health,Check-up,-662
2024-02-23,Health,Medicine,-440
2024-02-23,Transport,Bus fare,-2568
2024-02-23,Bills,Electricity,-2271
2024-02-23,Investment,Stock,-1000
2024-02-24,Salary,Job,53197
2024-02-26,Food,Snacks,-2431
2024-02-27,Health,Check-up,-197
2024-02-27,Bills,Internet,-2190
2024-02-27,Salary,Freelance,56512
2024-02-27,Entertainment,Streaming Subscription,-3840
2024-02-27,Health,Medicine,-174
2024-02-27,Food,Groceries,-1819
2024-02-28,Bills,Electricity,-4311
2024-02-29,Food,Lunch,-4451
2024-02-29,Salary,Job,31171
2024-03-02,Shopping,Clothes,-2542
2024-03-02,Transport,Fuel,-3950
2024-03-02,Transport,Fuel,-3800
2024-03-03,Transport,Train ticket,-636
2024-03-03,Transport,Bus fare,-2114
2024-03-03,Investment,Stock,9818
2024-03-03,Health,Medicine,-4108
2024-03-05,Health,Medicine,-3046
2024-03-05,Transport,Fuel,-870
2024-03-05,Bills,Water,-1660
2024-03-06,Shopping,Clothes,-3142
2024-03-08,Transport,Bus fare,-2381
2024-03-09,Bills,Electricity,-1677
2024-03-09,Entertainment,Games,-1191
2024-03-09,Health,Medicine,-523
2024-03-10,Salary,Freelance,37368
2024-03-12,Transport,Fuel,-1290
2024-03-14,Investment,Crypto,9424
2024-03-15,Food,Groceries,-802
2024-03-15,Investment,Crypto,5785
2024-03-16,Transport,Bus fare,-1566
2024-03-16,Salary,Job,36816
2024-03-16,Salary,Job,44939
2024-03-20,Entertainment,Games,-2240
2024-03-21,Investment,Stock,4866
2024-03-21,Transport,Fuel,-2656
2024-03-21,Transport,Bus fare,-3779
2024-03-22,Bills,Water,-431
2024-03-24,Shopping,Gadgets,-1048
2024-03-26,Food,Lunch,-4642
2024-03-26,Entertainment,Streaming Subscription,-263
2024-03-28,Entertainment,Movie,-2572
2024-03-29,Shopping,Clothes,-710
2024-03-29,Transport,Bus fare,-4543
2024-03-30,Food,Lunch,-3104
2024-03-30,Food,Dinner,-1254
2024-03-30,Food,Groceries,-4179
2024-03-31,Investment,Crypto,-3553
2024-04-01,Shopping,Clothes,-672
2024-04-01,Bills,Electricity,-4137
2024-04-01,Bills,Electricity,-1343
2024-04-02,Salary,Freelance,42763
2024-04-03,Salary,Job,48658
2024-04-04,Entertainment,Games,-1495
2024-04-04,Investment,Crypto,-4170
2024-04-05,Investment,Stock,1140
2024-04-05,Transport,Bus fare,-4235
2024-04-05,Entertainment,Games,-3257
2024-04-05,Food,Groceries,-4678
2024-04-05,Entertainment,Streaming Subscription,-3371
2024-04-06,Entertainment,Streaming Subscription,-2521
2024-04-06,Shopping,Gadgets,-3686
2024-04-07,Investment,Crypto,-331
2024-04-07,Food,Groceries,-4385
2024-04-08,Shopping,Gadgets,-1250
2024-04-08,Bills,Water,-1751
2024-04-08,Investment,Stock,5258
2024-04-08,Food,Lunch,-556
2024-04-08,Investment,Stock,4678
2024-04-08,Bills,Water,-2808
2024-04-08,Transport,Bus fare,-4484
2024-04-08,Entertainment,Movie,-4465
2024-04-08,Salary,Freelance,79666
2024-04-09,Health,Medicine,-4663
2024-04-09,Health,Medicine,-575
2024-04-09,Salary,Freelance,40449
2024-04-09,Salary,Job,36704
2024-04-10,Shopping,Clothes,-3997
2024-04-10,Salary,Freelance,58141
2024-04-10,Shopping,Gadgets,-1522
2024-04-10,Food,Lunch,-1694
2024-04-12,Bills,Electricity,-1549
2024-04-12,Salary,Freelance,68467
2024-04-12,Food,Groceries,-4548
2024-04-13,Food,Lunch,-1404
2024-04-13,Bills,Internet,-646
2024-04-14,Bills,Internet,-4244
2024-04-14,Health,Medicine,-1341
2024-04-15,Food,Snacks,-2917
2024-04-15,Transport,Train ticket,-4824
2024-04-16,Salary,Job,61007
2024-04-17,Transport,Train ticket,-3826
2024-04-17,Food,Dinner,-2657
2024-04-18,Transport,Fuel,-3889
2024-04-21,Bills,Water,-3827
2024-04-21,Bills,Internet,-1859
2024-04-22,Health,Check-up,-2050
2024-04-22,Investment,Crypto,7686
2024-04-22,Investment,Crypto,7519
2024-04-22,Transport,Train ticket,-1753
2024-04-22,Investment,Crypto,2788
2024-04-23,Salary,Job,38329
2024-04-23,Health,Check-up,-1815
2024-04-24,Shopping,Gadgets,-3931
2024-04-25,Transport,Fuel,-671
2024-04-25,Transport,Train ticket,-575
2024-04-25,Entertainment,Streaming Subscription,-614
2024-04-26,Investment,Stock,-1264
2024-04-26,Transport,Fuel,-1617
2024-04-27,Health,Medicine,-443
2024-04-28,Transport,Fuel,-3289
2024-04-29,Transport,Train ticket,-2436
2024-04-29,Investment,Stock,-3276
2024-04-30,Salary,Job,69040
2024-05-01,Salary,Freelance,37843
2024-05-01,Bills,Water,-3503
2024-05-01,Transport,Fuel,-3298
2024-05-01,Entertainment,Games,-3315
2024-05-01,Entertainment,Streaming Subscription,-4593
2024-05-02,Investment,Crypto,1979
2024-05-03,Food,Lunch,-524
2024-05-03,Bills,Internet,-1816
2024-05-04,Bills,Internet,-304
2024-05-05,Bills,Internet,-1996
2024-05-05,Bills,Internet,-4700
2024-05-05,Investment,Crypto,7875
2024-05-05,Health,Check-up,-1673
2024-05-06,Entertainment,Movie,-3748
2024-05-06,Entertainment,Games,-4020
2024-05-07,Bills,Water,-3904
2024-05-07,Shopping,Clothes,-759
2024-05-07,Health,Check-up,-3995
2024-05-07,Entertainment,Games,-3343
2024-05-08,Food,Groceries,-3237
2024-05-08,Entertainment,Streaming Subscription,-4088
2024-05-08,Entertainment,Games,-3064
2024-05-09,Investment,Crypto,510
2024-05-09,Salary,Freelance,58270
2024-05-10,Food,Lunch,-2664
2024-05-10,Transport,Bus fare,-3059
2024-05-10,Investment,Crypto,3652
2024-05-10,Bills,Internet,-708
2024-05-11,Salary,Freelance,72946
2024-05-12,Health,Check-up,-2220
2024-05-12,Investment,Stock,4335
2024-05-13,Investment,Crypto,6985
2024-05-13,Bills,Water,-2455
2024-05-14,Shopping,Gadgets,-2031
2024-05-14,Health,Check-up,-2734
2024-05-14,Investment,Stock,7330
2024-05-15,Salary,Job,69905
2024-05-15,Salary,Job,72092
2024-05-15,Entertainment,Games,-4689
2024-05-16,Health,Check-up,-814
2024-05-18,Bills,Water,-4323
2024-05-19,Entertainment,Movie,-3637
2024-05-20,Food,Dinner,-505
2024-05-20,Investment,Stock,827
2024-05-21,Food,Dinner,-1531
2024-05-22,Entertainment,Streaming Subscription,-1465
2024-05-22,Shopping,Clothes,-2808
2024-05-22,Food,Lunch,-3928
2024-05-23,Investment,Crypto,394
2024-05-23,Transport,Bus fare,-2004
2024-05-23,Transport,Fuel,-869
2024-05-23,Food,Dinner,-955
2024-05-23,Health,Medicine,-746
2024-05-23,Shopping,Clothes,-470
2024-05-23,Shopping,Clothes,-3148
2024-05-24,Entertainment,Movie,-760
2024-05-24,Salary,Freelance,49446
2024-05-24,Health,Check-up,-3860
2024-05-25,Shopping,Gadgets,-3255
2024-05-25,Transport,Bus fare,-385
2024-05-26,Food,Lunch,-4683
2024-05-26,Transport,Fuel,-261
2024-05-26,Food,Groceries,-697
2024-05-26,Transport,Bus fare,-2196
2024-05-26,Entertainment,Games,-382
2024-05-26,Shopping,Gadgets,-4182
2024-05-27,Transport,Bus fare,-3797
2024-05-27,Entertainment,Movie,-622
2024-05-27,Transport,Bus fare,-4374
2024-05-28,Entertainment,Streaming Subscription,-4636
2024-05-29,Food,Snacks,-2575
2024-05-29,Shopping,Gadgets,-681
2024-05-30,Salary,Job,40487
2024-05-30,Transport,Fuel,-4975
2024-05-30,Food,Dinner,-1549
2024-05-30,Salary,Freelance,36397
2024-05-31,Investment,Crypto,51
2024-05-31,Bills,Electricity,-3854
2024-05-31,Shopping,Gadgets,-4058
2024-05-31,Shopping,Gadgets,-1035
2024-05-31,Investment,Stock,-4922
2024-06-01,Health,Check-up,-548
2024-06-01,Health,Check-up,-3571
2024-06-02,Food,Dinner,-881
2024-06-03,Shopping,Gadgets,-2000
2024-06-04,Bills,Water,-4196
2024-06-05,Entertainment,Streaming Subscription,-1233
2024-06-06,Investment,Crypto,-4337
2024-06-06,Food,Groceries,-1928
2024-06-06,Bills,Water,-994
2024-06-08,Salary,Freelance,54817
2024-06-08,Investment,Stock,-442
2024-06-08,Investment,Crypto,-1161
2024-06-08,Food,Snacks,-2691
2024-06-08,Transport,Bus fare,-1131
2024-06-08,Transport,Train ticket,-829
2024-06-09,Investment,Crypto,9933
2024-06-09,Investment,Stock,5640
2024-06-09,Transport,Fuel,-441
2024-06-09,Salary,Job,31376
2024-06-10,Investment,Stock,3597
2024-06-11,Bills,Internet,-1033
2024-06-11,Salary,Freelance,41329
2024-06-11,Investment,Stock,6916
2024-06-11,Health,Check-up,-3704
2024-06-12,Salary,Freelance,60519
2024-06-12,Bills,Water,-995
2024-06-12,Entertainment,Games,-4651
2024-06-13,Transport,Fuel,-2579
2024-06-13,Bills,Electricity,-2949
2024-06-15,Bills,Electricity,-442
2024-06-15,Bills,Water,-1779
2024-06-16,Transport,Bus fare,-167
2024-06-16,Transport,Bus fare,-2343
2024-06-17,Entertainment,Movie,-2647
2024-06-18,Salary,Freelance,62007
2024-06-18,Health,Medicine,-4692
2024-06-18,Transport,Fuel,-3431
2024-06-18,Food,Lunch,-1087
2024-06-18,Investment,Crypto,-2703
2024-06-19,Investment,Stock,1793
2024-06-20,Salary,Job,53472
2024-06-20,Health,Check-up,-1346
2024-06-20,Food,Lunch,-3490
2024-06-20,Investment,Stock,78
2024-06-21,Food,Snacks,-4457
2024-06-21,Entertainment,Streaming Subscription,-2173
2024-06-21,Bills,Internet,-4478
2024-06-21,Salary,Job,76907
2024-06-22,Food,Snacks,-140
2024-06-22,Health,Medicine,-936
2024-06-23,Shopping,Gadgets,-1116
2024-06-24,Health,Medicine,-1224
2024-06-24,Bills,Water,-803
2024-06-25,Salary,Job,64624
2024-06-25,Health,Medicine,-1030
2024-06-25,Salary,Job,59516
2024-06-25,Salary,Job,41777
2024-06-26,Entertainment,Games,-2010
2024-06-26,Food,Lunch,-3472
2024-06-27,Transport,Train ticket,-1225
2024-06-27,Shopping,Clothes,-2144
2024-06-28,Salary,Job,66224
2024-06-28,Entertainment,Streaming Subscription,-3439
2024-06-28,Salary,Job,70785
2024-06-29,Salary,Freelance,37230
2024-06-29,Food,Snacks,-1269
2024-06-30,Salary,Freelance,74096
2024-07-01,Salary,Job,51447
2024-07-02,Investment,Crypto,-3173
2024-07-03,Food,Snacks,-2213
2024-07-04,Food,Dinner,-3439
2024-07-04,Shopping,Gadgets,-4828
2024-07-04,Shopping,Clothes,-3353
2024-07-05,Bills,Electricity,-4038
2024-07-05,Entertainment,Games,-4631
2024-07-05,Transport,Bus fare,-4368
2024-07-05,Salary,Freelance,69071
2024-07-06,Investment,Stock,7075
2024-07-06,Investment,Stock,-3864
2024-07-06,Food,Lunch,-892
2024-07-07,Food,Dinner,-2179
2024-07-07,Transport,Train ticket,-4231
2024-07-08,Food,Snacks,-2434
2024-07-08,Food,Groceries,-1741
2024-07-08,Health,Medicine,-2494
2024-07-08,Entertainment,Games,-255
2024-07-08,Bills,Internet,-2772
2024-07-08,Shopping,Gadgets,-3329
2024-07-09,Bills,Water,-3367
2024-07-09,Salary,Job,57386
2024-07-09,Entertainment,Movie,-3098
2024-07-10,Health,Medicine,-3841
2024-07-10,Shopping,Gadgets,-3161
2024-07-10,Shopping,Gadgets,-4255
2024-07-10,Salary,Job,42819
2024-07-10,Shopping,Clothes,-1774
2024-07-12,Investment,Stock,-1033
2024-07-12,Bills,Water,-4890
2024-07-13,Health,Check-up,-4083
2024-07-14,Entertainment,Games,-1080
2024-07-14,Investment,Crypto,6929
2024-07-15,Transport,Bus fare,-4106
2024-07-15,Investment,Stock,-1500
2024-07-16,Transport,Bus fare,-4195
2024-07-16,Transport,Bus fare,-469
2024-07-16,Transport,Fuel,-459
2024-07-17,Health,Check-up,-4183
2024-07-19,Shopping,Clothes,-1975
2024-07-19,Transport,Bus fare,-4449
2024-07-19,Salary,Freelance,63548
2024-07-20,Salary,Freelance,40382
2024-07-20,Transport,Bus fare,-2479
2024-07-21,Food,Dinner,-241
2024-07-21,Shopping,Clothes,-3732
2024-07-22,Food,Snacks,-4502
2024-07-24,Bills,Water,-2759
2024-07-24,Shopping,Gadgets,-2885
2024-07-25,Shopping,Gadgets,-4319
2024-07-26,Salary,Job,59739
2024-07-26,Shopping,Clothes,-233
2024-07-26,Salary,Freelance,61656
2024-07-30,Food,Snacks,-4133
2024-07-31,Entertainment,Games,-2900
2024-07-31,Health,Check-up,-4173
2024-08-01,Health,Medicine,-4076
2024-08-02,Health,Medicine,-2872
2024-08-02,Transport,Bus fare,-1560
2024-08-02,Food,Groceries,-172
2024-08-02,Shopping,Clothes,-693
2024-08-02,Bills,Water,-369
2024-08-03,Food,Groceries,-789
2024-08-04,Transport,Train ticket,-739
2024-08-04,Bills,Water,-4461
2024-08-04,Entertainment,Games,-559
2024-08-04,Transport,Bus fare,-1399
2024-08-04,Entertainment,Games,-1198
2024-08-04,Health,Check-up,-4193
2024-08-05,Food,Snacks,-1482
2024-08-05,Salary,Job,32551
2024-08-05,Shopping,Gadgets,-3819
2024-08-05,Salary,Freelance,54837
2024-08-07,Investment,Stock,4259
2024-08-07,Salary,Freelance,60483
2024-08-07,Salary,Freelance,33744
2024-08-07,Shopping,Gadgets,-2646
2024-08-07,Bills,Water,-4601
2024-08-07,Food,Dinner,-3421
2024-08-08,Transport,Train ticket,-2823
2024-08-09,Health,Check-up,-3816
2024-08-09,Health,Check-up,-4754
2024-08-10,Transport,Train ticket,-4696
2024-08-10,Health,Medicine,-2225
2024-08-10,Investment,Stock,-2010
2024-08-10,Transport,Bus fare,-2922
2024-08-11,Investment,Stock,5693
2024-08-11,Shopping,Gadgets,-872
2024-08-11,Bills,Electricity,-4592
2024-08-11,Health,Medicine,-1170
2024-08-12,Entertainment,Games,-875
2024-08-12,Food,Dinner,-4300
2024-08-12,Entertainment,Movie,-2137
2024-08-13,Health,Medicine,-2663
2024-08-14,Health,Medicine,-4385
2024-08-14,Entertainment,Games,-4896
2024-08-14,Investment,Stock,2353
2024-08-14,Shopping,Clothes,-3009
2024-08-15,Investment,Crypto,8654
2024-08-16,Entertainment,Movie,-1555
2024-08-16,Entertainment,Movie,-4724
2024-08-17,Food,Snacks,-2552
2024-08-17,Transport,Bus fare,-2481
2024-08-18,Salary,Job,73404
2024-08-18,Transport,Bus fare,-3129
2024-08-18,Food,Snacks,-4585
2024-08-18,Entertainment,Games,-2393
2024-08-20,Entertainment,Games,-3778
2024-08-20,Food,Snacks,-4599
2024-08-20,Food,Lunch,-4935
2024-08-20,Entertainment,Games,-4282
2024-08-20,Investment,Crypto,-259
2024-08-20,Bills,Water,-1220
2024-08-21,Food,Lunch,-2347
2024-08-22,Salary,Freelance,61655
2024-08-23,Transport,Fuel,-1332
2024-08-24,Bills,Water,-1827
2024-08-24,Shopping,Gadgets,-4937
2024-08-24,Entertainment,Games,-3238
2024-08-25,Shopping,Clothes,-326
2024-08-25,Health,Check-up,-4969
2024-08-26,Shopping,Gadgets,-2814
2024-08-26,Shopping,Clothes,-364
2024-08-26,Bills,Water,-4832
2024-08-27,Health,Medicine,-751
2024-08-27,Investment,Stock,5878
2024-08-28,Salary,Freelance,64317
2024-08-29,Entertainment,Games,-1673
2024-08-29,Investment,Crypto,1099
2024-08-29,Health,Medicine,-2096
2024-08-29,Shopping,Gadgets,-1999
2024-08-30,Investment,Stock,-4329
2024-08-31,Salary,Freelance,63400
2024-09-02,Salary,Freelance,43521
2024-09-02,Salary,Freelance,78201
2024-09-03,Investment,Stock,3804
2024-09-03,Bills,Water,-3109
2024-09-03,Health,Medicine,-4833
2024-09-03,Bills,Electricity,-1849
2024-09-05,Bills,Water,-3347
2024-09-06,Investment,Crypto,-4742
2024-09-06,Food,Dinner,-2385
2024-09-07,Shopping,Gadgets,-1009
2024-09-08,Food,Dinner,-1926
2024-09-08,Shopping,Gadgets,-3616
2024-09-08,Bills,Internet,-621
2024-09-08,Health,Medicine,-2085
2024-09-08,Investment,Stock,410
2024-09-08,Salary,Job,53911
2024-09-09,Transport,Bus fare,-1035
2024-09-09,Salary,Job,62698
2024-09-09,Entertainment,Games,-3090
2024-09-09,Entertainment,Games,-2761
2024-09-09,Entertainment,Games,-1426
2024-09-10,Investment,Crypto,3676
2024-09-10,Health,Check-up,-461
2024-09-10,Food,Dinner,-3968
2024-09-11,Entertainment,Streaming Subscription,-1503
2024-09-11,Investment,Stock,4832
2024-09-12,Salary,Freelance,75253
2024-09-12,Entertainment,Streaming Subscription,-2802
2024-09-13,Food,Groceries,-1738
2024-09-13,Transport,Fuel,-3076
2024-09-14,Entertainment,Streaming Subscription,-2407
2024-09-14,Health,Check-up,-4355
2024-09-15,Transport,Bus fare,-4748
2024-09-15,Bills,Internet,-2121
2024-09-15,Shopping,Gadgets,-341
2024-09-15,Bills,Electricity,-3459
2024-09-16,Transport,Fuel,-2596
2024-09-17,Salary,Job,65262
2024-09-18,Shopping,Gadgets,-2639
2024-09-19,Transport,Fuel,-401
2024-09-20,Investment,Crypto,2927
2024-09-20,Shopping,Clothes,-687
2024-09-20,Shopping,Clothes,-2931
2024-09-20,Transport,Fuel,-1719
2024-09-20,Transport,Bus fare,-2420
2024-09-21,Salary,Freelance,47761
2024-09-21,Shopping,Gadgets,-4043
2024-09-23,Entertainment,Streaming Subscription,-4166
2024-09-23,Shopping,Gadgets,-1728
2024-09-24,Investment,Crypto,179
2024-09-24,Salary,Freelance,41280
2024-09-24,Entertainment,Streaming Subscription,-2601
2024-09-24,Shopping,Clothes,-346
2024-09-25,Food,Snacks,-4579
2024-09-26,Investment,Crypto,3435
2024-09-27,Salary,Job,40793
2024-09-27,Health,Check-up,-660
2024-09-27,Food,Groceries,-789
2024-09-27,Food,Lunch,-1968
2024-09-28,Bills,Water,-1617
2024-09-28,Health,Check-up,-2708
2024-09-29,Bills,Internet,-4728
2024-09-29,Bills,Internet,-1549
2024-09-30,Transport,Bus fare,-336
2024-10-01,Salary,Job,39168
2024-10-01,Entertainment,Games,-1787
2024-10-03,Health,Medicine,-2426
2024-10-03,Health,Check-up,-3392
2024-10-03,Food,Dinner,-2713
2024-10-03,Transport,Train ticket,-4253
2024-10-04,Investment,Crypto,9189
2024-10-05,Transport,Train ticket,-954
2024-10-05,Transport,Train ticket,-2757
2024-10-06,Transport,Bus fare,-787
2024-10-06,Investment,Stock,7504
2024-10-06,Salary,Freelance,58854
2024-10-06,Salary,Freelance,60268
2024-10-06,Bills,Internet,-4325
2024-10-07,Salary,Freelance,64501
2024-10-08,Entertainment,Movie,-3521
2024-10-09,Shopping,Clothes,-919
2024-10-09,Shopping,Gadgets,-2382
2024-10-09,Investment,Crypto,6382
2024-10-09,Investment,Stock,8943
2024-10-09,Entertainment,Movie,-492
2024-10-10,Entertainment,Movie,-564
2024-10-10,Transport,Fuel,-4378
2024-10-10,Entertainment,Streaming Subscription,-4531
2024-10-10,Entertainment,Games,-241
2024-10-11,Food,Lunch,-326
2024-10-11,Bills,Water,-4070
2024-10-12,Entertainment,Streaming Subscription,-4721
2024-10-12,Transport,Bus fare,-1966
2024-10-12,Salary,Freelance,63209
2024-10-12,Investment,Stock,7027
2024-10-14,Shopping,Clothes,-2197
2024-10-14,Health,Check-up,-3391
2024-10-15,Investment,Crypto,-2351
2024-10-15,Salary,Job,70312
2024-10-15,Investment,Stock,-4155
2024-10-15,Entertainment,Games,-2311
2024-10-16,Health,Medicine,-3625
2024-10-16,Entertainment,Games,-3850
2024-10-18,Food,Snacks,-2144
2024-10-19,Shopping,Gadgets,-2050
2024-10-20,Health,Check-up,-2316
2024-10-20,Shopping,Clothes,-1685
2024-10-21,Investment,Crypto,-3332
2024-10-22,Shopping,Clothes,-3387
2024-10-24,Transport,Fuel,-3568
2024-10-25,Entertainment,Games,-2196
2024-10-27,Salary,Job,44716
2024-10-27,Bills,Water,-4040
2024-10-28,Shopping,Clothes,-2628
2024-10-28,Health,Check-up,-3657
2024-10-29,Food,Groceries,-3968
2024-10-29,Bills,Internet,-4557
2024-10-30,Salary,Freelance,65851
2024-10-30,Entertainment,Streaming Subscription,-4207
2024-10-30,Food,Snacks,-4283
2024-10-30,Food,Groceries,-2681
2024-10-30,Health,Check-up,-2683
2024-10-31,Food,Dinner,-4797
2024-10-31,Entertainment,Movie,-2743
2024-11-01,Health,Check-up,-3078
2024-11-02,Entertainment,Streaming Subscription,-4852
2024-11-02,Transport,Fuel,-4126
2024-11-03,Investment,Crypto,-2539
2024-11-03,Salary,Freelance,48322
2024-11-04,Health,Medicine,-3710
2024-11-05,Entertainment,Games,-1022
2024-11-05,Food,Dinner,-1825
2024-11-06,Entertainment,Streaming Subscription,-1919
2024-11-06,Health,Medicine,-1853
2024-11-07,Health,Medicine,-1942
2024-11-07,Shopping,Clothes,-1210
2024-11-08,Bills,Electricity,-2956
2024-11-09,Health,Medicine,-1798
2024-11-09,Transport,Train ticket,-940
2024-11-09,Investment,Stock,5966
2024-11-10,Transport,Train ticket,-955
2024-11-10,Entertainment,Games,-2566
2024-11-11,Transport,Train ticket,-3411
2024-11-11,Investment,Crypto,5851
2024-11-11,Transport,Train ticket,-4825
2024-11-12,Entertainment,Streaming Subscription,-1578
2024-11-12,Entertainment,Movie,-2913
2024-11-12,Shopping,Clothes,-3551
2024-11-13,Salary,Job,58082
2024-11-13,Food,Snacks,-4954
2024-11-13,Shopping,Clothes,-4393
2024-11-14,Food,Groceries,-4788
2024-11-15,Investment,Crypto,5294
2024-11-16,Investment,Crypto,2736
2024-11-16,Shopping,Gadgets,-1592
2024-11-17,Bills,Internet,-2074
2024-11-18,Shopping,Clothes,-4797
2024-11-18,Shopping,Gadgets,-1383
2024-11-18,Shopping,Clothes,-3811
2024-11-19,Entertainment,Games,-3093
2024-11-20,Entertainment,Streaming Subscription,-477
2024-11-20,Investment,Stock,5459
2024-11-20,Investment,Stock,9889
2024-11-21,Health,Medicine,-974
2024-11-21,Investment,Crypto,9686
2024-11-22,Health,Medicine,-1448
2024-11-22,Transport,Fuel,-2485
2024-11-22,Salary,Job,53429
2024-11-23,Food,Snacks,-3301
2024-11-24,Health,Medicine,-2662
2024-11-25,Salary,Job,33112
2024-11-25,Shopping,Clothes,-3964
2024-11-26,Investment,Crypto,9983
2024-11-26,Salary,Job,73472
2024-11-26,Investment,Stock,-161
2024-12-01,Investment,Stock,-1310
2024-12-02,Investment,Crypto,8537
2024-12-03,Bills,Water,-785
2024-12-03,Bills,Internet,-1528
2024-12-03,Investment,Stock,7111
2024-12-04,Health,Medicine,-4017
2024-12-04,Salary,Freelance,30778
2024-12-05,Shopping,Clothes,-4819
2024-12-05,Transport,Bus fare,-248
2024-12-05,Salary,Job,45149
2024-12-05,Health,Check-up,-3400
2024-12-06,Entertainment,Streaming Subscription,-107
2024-12-06,Food,Lunch,-486
2024-12-07,Shopping,Gadgets,-4746
2024-12-07,Investment,Crypto,9078
2024-12-07,Transport,Bus fare,-4463
2024-12-07,Bills,Electricity,-1985
2024-12-07,Health,Check-up,-1005
2024-12-07,Investment,Stock,8930
2024-12-08,Shopping,Gadgets,-3662
2024-12-09,Entertainment,Streaming Subscription,-2629
2024-12-09,Transport,Train ticket,-2923
2024-12-10,Transport,Train ticket,-2630
2024-12-10,Bills,Internet,-3974
2024-12-11,Transport,Fuel,-4858
2024-12-11,Bills,Internet,-2330
2024-12-11,Transport,Train ticket,-4372
2024-12-11,Investment,Crypto,-1698
2024-12-11,Investment,Stock,1581
2024-12-11,Entertainment,Games,-463
2024-12-13,Shopping,Clothes,-1285
2024-12-13,Entertainment,Movie,-4779
2024-12-13,Food,Lunch,-1559
2024-12-14,Salary,Freelance,63893
2024-12-14,Entertainment,Movie,-1306
2024-12-14,Transport,Fuel,-2891
2024-12-14,Entertainment,Streaming Subscription,-1955
2024-12-14,Investment,Crypto,4503
2024-12-15,Investment,Crypto,1164
2024-12-16,Shopping,Gadgets,-474
2024-12-16,Entertainment,Movie,-4685
2024-12-17,Investment,Stock,6029
2024-12-17,Health,Check-up,-2239
2024-12-19,Bills,Internet,-262
2024-12-20,Food,Dinner,-2338
2024-12-20,Investment,Crypto,105
2024-12-20,Entertainment,Games,-3770
2024-12-22,Shopping,Gadgets,-4715
2024-12-22,Investment,Crypto,3078
2024-12-22,Investment,Stock,1416
2024-12-23,Entertainment,Games,-4120
2024-12-23,Investment,Stock,5366
2024-12-24,Bills,Internet,-3392
2024-12-24,Investment,Stock,-1103
2024-12-25,Shopping,Clothes,-2230
2024-12-25,Salary,Job,48544
2024-12-25,Bills,Electricity,-3813
2024-12-25,Salary,Freelance,33471
2024-12-25,Salary,Job,35782
2024-12-26,Shopping,Clothes,-1702
2024-12-26,Entertainment,Streaming Subscription,-871
2024-12-29,Shopping,Clothes,-2765
2024-12-29,Transport,Bus fare,-827
2024-12-30,Food,Snacks,-4405
2024-12-30,Food,Snacks,-4059
2024-12-30,Food,Dinner,-1685
2024-12-30,Food,Groceries,-2185
2024-12-31,Investment,Crypto,-1919
2025-01-01,Investment,Crypto,1841
2025-01-01,Food,Lunch,-695
2025-01-01,Food,Lunch,-4651
2025-01-01,Health,Medicine,-172
2025-01-02,Transport,Bus fare,-3473
2025-01-03,Entertainment,Movie,-1436
2025-01-03,Shopping,Gadgets,-697
2025-01-03,Bills,Water,-4319
2025-01-03,Investment,Stock,8672
2025-01-04,Salary,Freelance,72891
2025-01-05,Investment,Crypto,4596
2025-01-05,Health,Medicine,-4813
2025-01-05,Shopping,Clothes,-3549
2025-01-06,Shopping,Gadgets,-2461
2025-01-06,Investment,Stock,7406
2025-01-07,Bills,Electricity,-3074
2025-01-07,Investment,Crypto,3472
2025-01-07,Investment,Stock,5482
2025-01-07,Entertainment,Games,-3339
2025-01-07,Salary,Freelance,79859
2025-01-07,Salary,Job,42605
2025-01-08,Health,Check-up,-2248
2025-01-08,Bills,Water,-1744
2025-01-08,Investment,Crypto,2718
2025-01-08,Health,Check-up,-1900
2025-01-09,Shopping,Gadgets,-2029
2025-01-10,Health,Medicine,-4533
2025-01-11,Transport,Fuel,-3291
2025-01-13,Health,Medicine,-2067
2025-01-13,Food,Dinner,-3703
2025-01-14,Transport,Bus fare,-1608
2025-01-14,Transport,Bus fare,-769
2025-01-14,Food,Lunch,-531
2025-01-14,Entertainment,Games,-4359
2025-01-17,Health,Medicine,-2495
2025-01-18,Salary,Freelance,32520
2025-01-18,Food,Lunch,-1137
2025-01-18,Investment,Stock,4031
2025-01-18,Bills,Water,-1881
2025-01-19,Bills,Water,-116
2025-01-19,Food,Dinner,-1468
2025-01-19,Salary,Job,64622
2025-01-19,Entertainment,Games,-4418
2025-01-19,Entertainment,Games,-3523
2025-01-20,Shopping,Clothes,-745
2025-01-20,Shopping,Clothes,-385
2025-01-20,Health,Medicine,-166
2025-01-20,Entertainment,Games,-2710
2025-01-20,Salary,Job,46531
2025-01-21,Investment,Crypto,1420
2025-01-21,Food,Lunch,-293
2025-01-22,Entertainment,Streaming Subscription,-2745
2025-01-22,Salary,Job,52641
2025-01-22,Investment,Stock,2446
2025-01-24,Food,Groceries,-3908
2025-01-24,Transport,Train ticket,-2508
2025-01-25,Entertainment,Streaming Subscription,-1961
2025-01-25,Transport,Fuel,-289
2025-01-26,Salary,Freelance,58763
2025-01-26,Transport,Train ticket,-3589
2025-01-27,Salary,Job,44849
2025-01-27,Shopping,Gadgets,-519
2025-01-27,Transport,Fuel,-3688
2025-01-27,Entertainment,Streaming Subscription,-2103
2025-01-28,Food,Lunch,-3024
2025-01-28,Salary,Freelance,46021
2025-01-29,Entertainment,Streaming Subscription,-3847
2025-01-30,Investment,Crypto,-3862
2025-01-30,Investment,Stock,-751
2025-01-30,Shopping,Gadgets,-674
2025-01-30,Entertainment,Movie,-1637
2025-01-31,Food,Groceries,-3647
2025-01-31,Investment,Stock,-4407
2025-01-31,Shopping,Clothes,-492
2025-02-01,Investment,Stock,8074
2025-02-01,Salary,Freelance,71779
2025-02-01,Bills,Internet,-413
2025-02-03,Health,Medicine,-4974
2025-02-03,Food,Groceries,-4743
2025-02-04,Health,Medicine,-3148
2025-02-04,Food,Groceries,-1713
2025-02-04,Shopping,Clothes,-1878
2025-02-05,Transport,Fuel,-1259
2025-02-05,Food,Lunch,-3662
2025-02-05,Health,Medicine,-4506
2025-02-06,Food,Groceries,-1035
2025-02-06,Shopping,Clothes,-2667
2025-02-06,Food,Lunch,-2554
2025-02-07,Transport,Bus fare,-2356
2025-02-07,Bills,Water,-2425
2025-02-08,Transport,Bus fare,-1531
2025-02-10,Shopping,Gadgets,-4581
2025-02-10,Food,Lunch,-4837
2025-02-11,Transport,Fuel,-3728
2025-02-11,Investment,Crypto,1763
2025-02-11,Health,Check-up,-2843
2025-02-11,Shopping,Clothes,-2939
2025-02-12,Salary,Freelance,50584
2025-02-12,Shopping,Gadgets,-4836
2025-02-12,Transport,Train ticket,-1892
2025-02-13,Health,Check-up,-3078
2025-02-13,Entertainment,Movie,-1921
2025-02-14,Health,Medicine,-3152
2025-02-14,Health,Medicine,-888
2025-02-16,Health,Check-up,-4236
2025-02-16,Health,Check-up,-519
2025-02-17,Bills,Water,-1835
2025-02-18,Salary,Freelance,73950
2025-02-18,Transport,Bus fare,-1158
2025-02-18,Food,Groceries,-2068
2025-02-19,Bills,Water,-2476
2025-02-19,Food,Dinner,-1936
2025-02-20,Entertainment,Movie,-1383
2025-02-20,Salary,Freelance,44291
2025-02-20,Health,Medicine,-2500
2025-02-20,Salary,Freelance,53377
2025-02-20,Shopping,Gadgets,-4105
2025-02-20,Transport,Fuel,-4776
2025-02-20,Shopping,Clothes,-1336
2025-02-21,Transport,Bus fare,-2810
2025-02-21,Bills,Internet,-3448
2025-02-22,Salary,Freelance,38734
2025-02-23,Bills,Electricity,-2420
2025-02-23,Investment,Crypto,433
2025-02-23,Entertainment,Games,-3825
2025-02-23,Entertainment,Streaming Subscription,-122
2025-02-25,Investment,Crypto,4885
2025-02-25,Health,Check-up,-2361
2025-02-25,Entertainment,Streaming Subscription,-2560
2025-02-26,Health,Medicine,-678
2025-02-26,Food,Lunch,-1631
2025-02-27,Shopping,Clothes,-2452
2025-02-27,Investment,Stock,9036
2025-03-02,Bills,Electricity,-1629
2025-03-03,Health,Medicine,-1112
2025-03-06,Bills,Electricity,-2607
2025-03-06,Bills,Internet,-3796
2025-03-06,Food,Lunch,-982
2025-03-07,Shopping,Clothes,-3757
2025-03-09,Food,Snacks,-4108
2025-03-09,Health,Medicine,-2644
2025-03-10,Food,Groceries,-2205
2025-03-11,Shopping,Clothes,-1341
2025-03-11,Health,Medicine,-4857
2025-03-13,Shopping,Clothes,-1180
2025-03-14,Food,Dinner,-3769
2025-03-14,Bills,Internet,-1062
2025-03-15,Bills,Electricity,-465
2025-03-16,Investment,Crypto,341
2025-03-16,Entertainment,Games,-2966
2025-03-16,Salary,Job,34798
2025-03-16,Transport,Fuel,-1313
2025-03-17,Shopping,Gadgets,-1998
2025-03-17,Food,Dinner,-507
2025-03-17,Transport,Train ticket,-1862
2025-03-18,Salary,Freelance,64947
2025-03-18,Food,Lunch,-4978
2025-03-19,Investment,Crypto,4958
2025-03-19,Entertainment,Streaming Subscription,-3241
2025-03-19,Transport,Train ticket,-2528
2025-03-20,Salary,Freelance,32159
2025-03-20,Health,Medicine,-3908
2025-03-20,Food,Dinner,-4677
2025-03-20,Investment,Crypto,-4077
2025-03-21,Health,Medicine,-3474
2025-03-21,Shopping,Gadgets,-4506
2025-03-21,Transport,Fuel,-693
2025-03-21,Transport,Fuel,-4537
2025-03-21,Food,Snacks,-1914
2025-03-21,Food,Dinner,-524
2025-03-22,Entertainment,Games,-826
2025-03-22,Shopping,Clothes,-1277
2025-03-22,Salary,Freelance,47015
2025-03-23,Investment,Stock,8366
2025-03-24,Shopping,Clothes,-1279
2025-03-25,Transport,Train ticket,-301
2025-03-25,Transport,Train ticket,-2857
2025-03-26,Transport,Train ticket,-2775
2025-03-26,Shopping,Clothes,-4140
2025-03-26,Investment,Crypto,7946
2025-03-28,Shopping,Gadgets,-4059
2025-03-28,Shopping,Gadgets,-2526
2025-03-28,Shopping,Clothes,-4965
2025-03-30,Bills,Water,-2697
2025-03-30,Food,Groceries,-4995
2025-03-31,Entertainment,Streaming Subscription,-1456
2025-03-31,Shopping,Gadgets,-2379
2025-03-31,Entertainment,Movie,-4237
2025-03-31,Salary,Job,48230
2025-03-31,Bills,Water,-2166
2025-04-01,Salary,Freelance,36980
2025-04-02,Entertainment,Movie,-1085
2025-04-03,Entertainment,Streaming Subscription,-3742
2025-04-03,Food,Lunch,-2014
2025-04-04,Investment,Stock,249
2025-04-04,Investment,Stock,-1371
2025-04-04,Entertainment,Movie,-797
2025-04-04,Shopping,Gadgets,-975
2025-04-05,Shopping,Gadgets,-3731
2025-04-05,Shopping,Clothes,-1089
2025-04-05,Transport,Fuel,-2098
2025-04-05,Bills,Electricity,-867
2025-04-05,Entertainment,Streaming Subscription,-2107
2025-04-06,Entertainment,Streaming Subscription,-2825
2025-04-06,Transport,Bus fare,-499
2025-04-06,Investment,Stock,5183
2025-04-07,Bills,Internet,-4026
2025-04-08,Transport,Train ticket,-4083
2025-04-08,Entertainment,Games,-3719
2025-04-09,Food,Groceries,-2758
2025-04-10,Transport,Train ticket,-3040
2025-04-11,Investment,Stock,9210
2025-04-13,Transport,Train ticket,-1119
2025-04-13,Food,Groceries,-4188
2025-04-14,Shopping,Gadgets,-2296
2025-04-14,Food,Snacks,-1143
2025-04-15,Investment,Crypto,7448
2025-04-15,Shopping,Gadgets,-1912
2025-04-15,Bills,Electricity,-2561
2025-04-16,Health,Check-up,-3676
2025-04-16,Salary,Freelance,47347
2025-04-17,Health,Medicine,-1384
2025-04-17,Food,Groceries,-3593
2025-04-17,Transport,Bus fare,-138
2025-04-18,Entertainment,Streaming Subscription,-4086
2025-04-18,Investment,Crypto,-3367
2025-04-18,Investment,Stock,1411
2025-04-19,Investment,Crypto,4686
2025-04-19,Investment,Crypto,8410
2025-04-19,Health,Medicine,-2796
2025-04-20,Shopping,Clothes,-1230
2025-04-20,Salary,Job,58803
2025-04-20,Investment,Stock,-4339
2025-04-20,Shopping,Clothes,-3113
2025-04-20,Food,Lunch,-1667
2025-04-21,Bills,Internet,-1789
2025-04-21,Investment,Stock,4817
2025-04-21,Shopping,Gadgets,-1232
2025-04-22,Shopping,Clothes,-2296
2025-04-24,Food,Dinner,-4360
2025-04-25,Transport,Train ticket,-2910
2025-04-25,Food,Lunch,-771
2025-04-25,Entertainment,Movie,-3047
2025-04-28,Salary,Freelance,35435
2025-04-28,Entertainment,Games,-3079
2025-04-28,Transport,Train ticket,-4278
2025-04-29,Food,Groceries,-2589
2025-04-29,Entertainment,Streaming Subscription,-4705
2025-04-29,Bills,Electricity,-3967
2025-04-29,Entertainment,Streaming Subscription,-3183
2025-05-01,Shopping,Clothes,-1189
2025-05-01,Food,Snacks,-2424
